Project,,Project Description,,Project Link,,Forks,,Stars,,ISSUE ID,,ISSUE Description,,ISSUE Create Time,,Fix time,,Fix vision,,Commit ID,
FasterXML/jackson-core,,"This project contains core low-level incremental (""streaming"") parser and generator abstractions used by Jackson Data Processor. It also includes the default implementation of handler types (parser, generator) that handle JSON format. The core abstractions are not JSON specific, although naming does contain 'JSON' in many places, due to historical reasons. Only packages that specifically contain word 'json' are JSON-specific.",,https://github.com/FasterXML/jackson-core,,870,,2.4k,,#4500,,The JsonReyclerPools#LockFreePool object takes up a large amount of memory,,2024.7.6,,2024.7.6,,2.17.1,,N/A,
FasterXML/jackson-core,,"This project contains core low-level incremental (""streaming"") parser and generator abstractions used by Jackson Data Processor. It also includes the default implementation of handler types (parser, generator) that handle JSON format. The core abstractions are not JSON specific, although naming does contain 'JSON' in many places, due to historical reasons. Only packages that specifically contain word 'json' are JSON-specific.",,https://github.com/FasterXML/jackson-core,,870,,2.4k,,#1117,,Change default RecylerPool implementation to newLockFreePool (from threadLocalPool) ,,2023.10.1,,2024.4.20,,2.17.1,,3cce264、2a4a6dc,
FasterXML/jackson-core,,"This project contains core low-level incremental (""streaming"") parser and generator abstractions used by Jackson Data Processor. It also includes the default implementation of handler types (parser, generator) that handle JSON format. The core abstractions are not JSON specific, although naming does contain 'JSON' in many places, due to historical reasons. Only packages that specifically contain word 'json' are JSON-specific.",,https://github.com/FasterXML/jackson-core,,870,,2.4k,,#1260,,Figure out why LockFreePool appears to cause unintended object retention (~= memory leak),,2024.4.15,,2024.5.5,,2.18,,266b941、3010ad2、4b8d399,
FasterXML/jackson-core,,"This project contains core low-level incremental (""streaming"") parser and generator abstractions used by Jackson Data Processor. It also includes the default implementation of handler types (parser, generator) that handle JSON format. The core abstractions are not JSON specific, although naming does contain 'JSON' in many places, due to historical reasons. Only packages that specifically contain word 'json' are JSON-specific.",,https://github.com/FasterXML/jackson-core,,870,,2.4k,,#400,,Add mechanism for forcing BufferRecycler released (to call on shutdown),,2024.9.14,,2025.12.18,,2.9.6,,6a0031b,
FasterXML/jackson-core,,"This project contains core low-level incremental (""streaming"") parser and generator abstractions used by Jackson Data Processor. It also includes the default implementation of handler types (parser, generator) that handle JSON format. The core abstractions are not JSON specific, although naming does contain 'JSON' in many places, due to historical reasons. Only packages that specifically contain word 'json' are JSON-specific.",,https://github.com/FasterXML/jackson-core,,870,,2.4k,,#1320,,The JsonReyclerPools#LockFreePool object takes up a large amount of memory,,2024.7.6,,2024.7.6,,2.17.1,,N/A,
netty/netty,,Netty is an asynchronous event-driven network application framework for rapid development of maintainable high performance protocol servers & clients.,,https://github.com/netty/netty,,34.9k,,16.3k,,#3837,,Did ChannelOutBoundBuffer need to remove NIOBUFFER threadLocal while the message is done,,2015.5.28,,2023.10.19,,4.0.24,,4d25e0e,
netty/netty,,Netty is an asynchronous event-driven network application framework for rapid development of maintainable high performance protocol servers & clients.,,https://github.com/netty/netty,,34.9k,,16.3k,,#5333,,Fix the possible reference leak in Recycler,,2016.6.1,,2016.6.1,,4.0.37,,bbed330、14cbf65,
netty/netty,,Netty is an asynchronous event-driven network application framework for rapid development of maintainable high performance protocol servers & clients.,,https://github.com/netty/netty,,34.9k,,16.3k,,#5089,,PoolChunkList not correctly move PoolChunks when these are moved,,2016.4.6,,2016.8.12,,4.0.37,,66ce014、88b093c,
netty/netty,,Netty is an asynchronous event-driven network application framework for rapid development of maintainable high performance protocol servers & clients.,,https://github.com/netty/netty,,34.9k,,16.3k,,#6891,,"io.netty.util.internal.InternalThreadLocalMap,memory leak",,2017.6.23,,2024.9.30,,4.2,,ada575d、8200dc0,
netty/netty,,Netty is an asynchronous event-driven network application framework for rapid development of maintainable high performance protocol servers & clients.,,https://github.com/netty/netty,,34.9k,,16.3k,, #8079,,Does ByteBuf need to be allocated and released in same thread (IO or non-IO)?,,2018.6.28,,2018.6.29,,N/A,,N/A,
spring-projects/spring-framework,,"This is the home of the Spring Framework: the foundation for all Spring projects. Collectively the Spring Framework and the family of Spring projects are often referred to simply as ""Spring"".

Spring provides everything required beyond the Java programming language for creating enterprise applications for a wide range of scenarios and architectures. Please read the Overview section of the reference documentation for a more complete introduction.",,https://github.com/spring-projects/spring-framework,,38.9k,,59.8k,,#21174,,Potential Memory Leak in WebFlux [SPR-16633],,2018.3.23,,2018.4.24,,4.1.27,,N/A,
spring-projects/spring-framework,,"This is the home of the Spring Framework: the foundation for all Spring projects. Collectively the Spring Framework and the family of Spring projects are often referred to simply as ""Spring"".

Spring provides everything required beyond the Java programming language for creating enterprise applications for a wide range of scenarios and architectures. Please read the Overview section of the reference documentation for a more complete introduction.",,https://github.com/spring-projects/spring-framework,,38.9k,,59.8k,,#21495,,Share ByteBufferPool between UndertowWebSocketClient connections (avoiding risk of memory leaks) [SPR-16957],,2018.6.20,,2018.6.21,,5.0.8,,N/A,
apache/beam,,"Apache Beam is a unified model for defining both batch and streaming data-parallel processing pipelines, as well as a set of language-specific SDKs for constructing pipelines and Runners for executing them on distributed processing backends, including Apache Flink, Apache Spark, Google Cloud Dataflow, and Hazelcast Jet.

",,https://github.com/apache/beam,,4.5k,,8.5k,,#29952,,"fix memory leak caused by ThreadLocal in PipelineOptionFactory
",,2024.1.8,,2024.1.10,,2.54.0,,d4388b9,
apache/druid,,"Druid is a high performance real-time analytics database. Druid's main value add is to reduce time to insight and action.

Druid is designed for workflows where fast queries and ingest really matter. Druid excels at powering UIs, running operational (ad-hoc) queries, or handling high concurrency. Consider Druid as an open source alternative to data warehouses for a variety of use cases. The design documentation explains the key concepts.",,https://github.com/apache/druid,,3.8k,,14k,,#18942,,[Bug] Memory Leak in ConcurrentGrouper due to missing ThreadLocal.remove() cleanup,,2026.1.22,,N/A,,N/A,,N/A,
apache/druid,,"Druid is a high performance real-time analytics database. Druid's main value add is to reduce time to insight and action.

Druid is designed for workflows where fast queries and ingest really matter. Druid excels at powering UIs, running operational (ad-hoc) queries, or handling high concurrency. Consider Druid as an open source alternative to data warehouses for a variety of use cases. The design documentation explains the key concepts.",,https://github.com/apache/druid,,3.8k,,14k,, #2354,,Namespaced Query Time Lookups might not handle drivers correctly,,2016.1.28,,N/A,,N/A,,N/A,
eclipse-ee4j/glassfish-grizzly,,"Writing scalable server applications in the Java™ programming language has always been difficult. Before the advent of the Java New I/O API (NIO), thread management issues made it impossible for a server to scale to thousands of users. The Grizzly NIO framework has been designed to help developers to take advantage of the Java™ NIO API. Grizzly’s goal is to help developers to build scalable and robust servers using NIO as well as offering extended framework components: Web Framework (HTTP/S), WebSocket, Comet, and more!",,https://github.com/eclipse-ee4j/glassfish-grizzly,,89,,179,,#2206,,Avoid using ThreadLocals for caching expensive resources,,2024.3.25,,N/A,,N/A,,N/A,
eclipse-ee4j/glassfish-grizzly,,"Writing scalable server applications in the Java™ programming language has always been difficult. Before the advent of the Java New I/O API (NIO), thread management issues made it impossible for a server to scale to thousands of users. The Grizzly NIO framework has been designed to help developers to take advantage of the Java™ NIO API. Grizzly’s goal is to help developers to build scalable and robust servers using NIO as well as offering extended framework components: Web Framework (HTTP/S), WebSocket, Comet, and more!",,https://github.com/eclipse-ee4j/glassfish-grizzly,,89,,179,,#2250,,Replace SimpleDateFormat used with ThreadLocal into java.time packages,,2025.10.2,,2025.10.9,,4.1.0,,687d022,
aws/aws-sdk-java,,"The AWS SDK for Java enables Java developers to easily work with Amazon Web Services and build scalable solutions with Amazon S3, Amazon DynamoDB, Amazon Glacier, and more.",,https://github.com/aws/aws-sdk-java,,2.8k,,4.2k,,#934,,Thread leak on glassfish application shutdown using AmazonCloudWatchClient,,2016.12.7,,2016.12.20,,1.11.63,,N/A,
aws/aws-sdk-java,,"The AWS SDK for Java enables Java developers to easily work with Amazon Web Services and build scalable solutions with Amazon S3, Amazon DynamoDB, Amazon Glacier, and more.",,https://github.com/aws/aws-sdk-java,,2.8k,,4.2k,, #1704,,Remove ThreadLocal use ,,2018.7.31,,2018.8.21,,N/A,, 6aec7f5 ,
redisson/redisson,,"Redisson is the Java Client and Real-Time Data Platform for Valkey and Redis. Providing the most convenient and easiest way to work with Valkey or Redis. Redisson objects provide an abstraction layer between Valkey or Redis and your Java code, which allowing maintain focus on data modeling and application logic.

Redisson greatly extends the capabilities of Valkey and Redis by providing additional services and data structures not natively available in either platform. This enhancement includes distributed Java collections, objects, and service implementations.",,https://github.com/redisson/redisson,,5.5K,,24.3K,,#2309,,Running in cluster mode for a period of time may result in OutOfMemory,,2019.9.9,,2019.9.20,,3.11.4,,3a47ed4,
redisson/redisson,,"Redisson is the Java Client and Real-Time Data Platform for Valkey and Redis. Providing the most convenient and easiest way to work with Valkey or Redis. Redisson objects provide an abstraction layer between Valkey or Redis and your Java code, which allowing maintain focus on data modeling and application logic.

Redisson greatly extends the capabilities of Valkey and Redis by providing additional services and data structures not natively available in either platform. This enhancement includes distributed Java collections, objects, and service implementations.",,https://github.com/redisson/redisson,,5.5K,,24.3K,,#3142,,Is it able to encapsulate 'isExistsAsync' and 'fastPutAsync' into one Batch ,,2020.10.20,,2021.1.18,,3.14.2,,723558e,
redisson/redisson,,"Redisson is the Java Client and Real-Time Data Platform for Valkey and Redis. Providing the most convenient and easiest way to work with Valkey or Redis. Redisson objects provide an abstraction layer between Valkey or Redis and your Java code, which allowing maintain focus on data modeling and application logic.

Redisson greatly extends the capabilities of Valkey and Redis by providing additional services and data structures not natively available in either platform. This enhancement includes distributed Java collections, objects, and service implementations.",,https://github.com/redisson/redisson,,5.5K,,24.3K,,#2234,,"org.redisson.client.RedisNodeNotFoundException: Node: NodeSource [slot=null, addr=null, redisClient=null, redirect=null, entry=null] hasn't been discovered yet ",,2019.7.19,,2019.7.24,,3.11.2,,8a898ce,
gradle/gradle,,"Gradle is a highly scalable build automation tool designed to handle everything from large, multi-project enterprise builds to quick development tasks across various languages. Gradle’s modular, performance-oriented architecture seamlessly integrates with development environments, making it a go-to solution for building, testing, and deploying applications on Java, Kotlin, Scala, Android, Groovy, C++, and Swift.",,https://github.com/gradle/gradle,,5.1k,,18.5k,,#13857,,Use fewer thread locals for MutationGuard,,2020.7.20,,N/A,,N/A,,N/A,
gradle/gradle,,"Gradle is a highly scalable build automation tool designed to handle everything from large, multi-project enterprise builds to quick development tasks across various languages. Gradle’s modular, performance-oriented architecture seamlessly integrates with development environments, making it a go-to solution for building, testing, and deploying applications on Java, Kotlin, Scala, Android, Groovy, C++, and Swift.",,https://github.com/gradle/gradle,,5.1k,,18.5k,, #13835,,Explain memory leak-like slowdown when FSW is enabled on Gradle build,,2020.7.17,,2020.7.20,,6.7,,N/A,
influxdata/influxdb-java,,"This is the official (and community-maintained) Java client library for InfluxDB (1.x), the open source time series database that is part of the TICK (Telegraf, InfluxDB, Chronograf, Kapacitor) stack.

",,https://github.com/influxdata/influxdb-java,,473,,1.2K,,#1019,,[Bug] Memory Leak (Old Gen Exhaustion) via ThreadLocal StringBuilder in Point.java ,,2026.2.22,,2026.2.26,,N/A,,455ee29,
apache/dubbo,,"Apache Dubbo is a powerful and user-friendly Web and RPC framework. It supports multiple language implementations such as Java, Go, Python, PHP, Erlang, Rust, and Node.js/Web.

Dubbo provides solutions for communication, service discovery, traffic management, observability, security, tooling, and best practices for building enterprise-grade microservices.

",,https://github.com/apache/dubbo/issues/1664,,26.5k,,41.7k,,#1664,,memory leak when ExceedPayloadLimitException happens ,,2018.4.23,,2021.6.14,,N/A,,N/A,
OpenLiberty/open-liberty,,A lightweight open framework for building fast and efficient cloud-native Java microservices:,,https://github.com/OpenLiberty/open-liberty,,631,,1.2k,,#24577,,Memory Leak in MicroProfile Open API's SchemaRegistry.current,,2023.3.7,,2023.3.11,,5.0.0,,N/A,
apache/logging-log4j2,,"Apache Log4j is a versatile, industrial-grade Java logging framework composed of an API, its implementation, and components to assist the deployment for various use cases. For further information (support, download, etc.) see the project website.",,https://github.com/apache/logging-log4j2,,1.7k,,3.6k,,#3569,,"Bump org.awaitility:awaitility from 4.2.2 to 4.3.0 in /log4j-parent
",,2025.3.24,,N/A,,N/A,,N/A,
JanusGraph/janusgraph,,"JanusGraph is a highly scalable graph database optimized for storing and querying large graphs with billions of vertices and edges distributed across a multi-machine cluster. JanusGraph is a transactional database that can support thousands of concurrent users, complex traversals, and analytic graph queries.

",,https://github.com/JanusGraph/janusgraph,,1.2K,,5.8K,,#2413,,Transaction index cache memory leak ,,2021.1.31,,2021.2.15,,v0.6.0,,08fd019,
apache/spark,,"Spark is a unified analytics engine for large-scale data processing. It provides high-level APIs in Scala, Java, Python, and R (Deprecated), and an optimized engine that supports general computation graphs for data analysis. It also supports a rich set of higher-level tools including Spark SQL for SQL and DataFrames, pandas API on Spark for pandas workloads, MLlib for machine learning, GraphX for graph processing, and Structured Streaming for stream processing.",,https://github.com/apache/spark,,29.1k,,43.1k,,#28419,,[MINOR][R] small tidying of sh scripts for R,,2020.4.30,,2020.5.1,,N/A,, c00fe5e,
spring-projects/spring-data-redis,,"The primary goal of the Spring Data project is to make it easier to build Spring-powered applications that use new data access technologies such as non-relational databases, map-reduce frameworks, and cloud based data services.

This module provides integration with the Redis store. It is also tested to work with Valkey on a best-effort basis as long as Valkey remains largely compatible with Redis.",,https://github.com/spring-projects/spring-data-redis,,1.2k,,1.9k,,#1844,,1.6.4 (Gosling SR4) Backported Issues,,2016.2.22,,2016.2.22,,N/A,,N/A,
alibaba/nacos,,"Nacos (official site: nacos.io) is an easy-to-use platform designed for dynamic service discovery and configuration and service management. It helps you to build cloud native applications and microservices platform easily.

Service is a first-class citizen in Nacos. Nacos supports almost all type of services，for example，Dubbo/gRPC service, Spring Cloud RESTFul service or Kubernetes service.

Nacos provides four major functions.

",,https://github.com/alibaba/nacos,,13.3K,,32.8K,,#5211,,"In the naocs2.0 cluster mode, there is an issue with unable to register",,2021.3.26,,2021.3.31,,2.1.0,,N/A,
dropwizard/dropwizard,,"Dropwizard is a sneaky way of making fast Java web applications.

",,https://github.com/dropwizard/dropwizard,,3.4k,,8.6k,,#3144,,"Bump maven-shade-plugin from 3.2.1 to 3.2.2
",,2020.2.13,,2020.2.13,,3.2.2,, 8978fc9,
prestodb/presto,,"Presto is a distributed SQL query engine for big data.

",,https://github.com/prestodb/presto,,5.5k,,16.7k,,#4521,,"Disable views tests for connectors that don't support them
",,2016.2.10,,2016.2.10,,N/A,,429cb1e,
elastic/elasticsearch,,"Elasticsearch is a distributed search and analytics engine, scalable data store and vector database optimized for speed and relevance on production-scale workloads. Elasticsearch is the foundation of Elastic’s open Stack platform. Search in near real-time over massive datasets, perform vector searches, integrate with generative AI applications, and much more.

",,https://github.com/elastic/elasticsearch,,25.8k,,76.4k,,#18136,,How do I use merge-on-refresh feature of lucene-8.7,,2021.2.20,,2022.8.30,,8.4.0,,N/A,
grpc/grpc-java,,gRPC-Java - An RPC library and framework,,https://github.com/grpc/grpc-java,,4k,,12k,,#4495,,Netty ObjectCleanerThread keeps high CPU,,2018.5.23,,2018.5.24,,4.1.25,,4388d90,
line/armeria,,"Armeria is your go-to microservice framework for any situation. You can build any type of microservice leveraging your favorite technologies, including gRPC, Thrift, Kotlin, Retrofit, Reactive Streams, Spring Boot and Dropwizard.",,https://github.com/line/armeria,,988,,5.1k,,#1522,,Support streaming response converter ,,2019.1.11,,2019.2.8,,1.10.6,,f880621,
line/armeria,,"Armeria is your go-to microservice framework for any situation. You can build any type of microservice leveraging your favorite technologies, including gRPC, Thrift, Kotlin, Retrofit, Reactive Streams, Spring Boot and Dropwizard.",,https://github.com/line/armeria,,988,,5.1k,,#3142,,Local NPM registery for CI build,,2020.10.28,,2021.1.4,,N/A,,e376385,
playframework/playframework,,"The Play Framework combines productivity and performance making it easy to build scalable web applications with Java and Scala. Play is developer friendly with a ""just hit refresh"" workflow and built-in testing support. With Play, applications scale predictably due to a stateless and non-blocking architecture. By being RESTful by default, including assets compilers, JSON & WebSocket support, Play is a perfect fit for modern web & mobile applications.",,https://github.com/playframework/playframework,,4k,,12.6k,,#6214,,"Clarify how to use evolutions with compile-time DI
",,2016.6.4,,2016.6.5,,2.5.4,,5390159,
playframework/playframework,,"The Play Framework combines productivity and performance making it easy to build scalable web applications with Java and Scala. Play is developer friendly with a ""just hit refresh"" workflow and built-in testing support. With Play, applications scale predictably due to a stateless and non-blocking architecture. By being RESTful by default, including assets compilers, JSON & WebSocket support, Play is a perfect fit for modern web & mobile applications.",,https://github.com/playframework/playframework,,4k,,12.6k,,#7412,,Remove unnecessary method declaration,,2017.6.4,,2017.6.5,,N/A,, d0328c6,
apache/pulsar,,Pulsar is a distributed pub-sub messaging platform with a very flexible messaging model and an intuitive client API.,,https://github.com/apache/pulsar,,3.7k,,15.2k,,#11102,,Flaky-test: AdminApiTest.testNamespaceSplitBundleConcurrent ,,2021.6.3,,2022.8.8,,N/A,,56ac867,
apache/pulsar,,Pulsar is a distributed pub-sub messaging platform with a very flexible messaging model and an intuitive client API.,,https://github.com/apache/pulsar,,3.7k,,15.2k,, #12411,,"use correct property when determine if jsr310 enabled
",,2021.10.19,,2023.4.14,,N/A,,N/A,
ndw/xmlcalabash1,,"Simply place the appropriate jar files in your classpath, there's no additional configuration required. Note that you will also need commercial libraries and licenses for some steps.",,https://github.com/ndw/xmlcalabash1,,40,,111,,#54,,ThreadLocal use produces memory leaks in pooled environments ,,2012.8.21,,2013.1.29,,1.0.5,,N/A,
vaadin/flow,,"Vaadin Flow is the Java framework of Vaadin Platform for building modern websites that look great, perform well and make you and your users happy.",,https://github.com/vaadin/flow,,192,,737,,#12355,,Jsoup ThreadLocal memory leak (again),,2021.11.13,,2022.9.13,,1.15.3,,N/A,
spring-cloud/spring-cloud-netflix,,"To build the source you will need to install JDK 17.

Spring Cloud uses Maven for most build-related activities, and you should be able to get off the ground quite quickly by cloning the project you are interested in and typing",,https://github.com/spring-cloud/spring-cloud-netflix,,2.5K,,5K,,#546,,Problem with the alternative “/zuul” path bypassing DispatcherServlet in Zuul ,,2015.9.21,,2015.10.2,,1.1.0,,41444d1,
dotnet/aspnetcore,,"ASP.NET Core is an open-source and cross-platform framework for building modern cloud-based internet-connected applications, such as web apps, IoT apps, and mobile backends. ASP.NET Core apps run on .NET, a free, cross-platform, and open-source application runtime. It was architected to provide an optimized development framework for apps that are deployed to the cloud or run on-premises. It consists of modular components with minimal overhead, so you retain flexibility while constructing your solutions. You can develop and run your ASP.NET Core apps cross-platform on Windows, Mac, and Linux. Learn more about ASP.NET Core.",,https://github.com/dotnet/aspnetcore,,10.6K,,37.8K,,#51951,,Memory leak when serializing large string properties with System.Text.Json,,2023.11.2,,2024.4.24,,N/A,,N/A,
brettwooldridge/HikariCP,,"Fast, simple, reliable. HikariCP is a ""zero-overhead"" production ready JDBC connection pool. At roughly 165Kb, the library is very light. Read about how we do it here.",,https://github.com/brettwooldridge/HikariCP,,3K,,21.1K,,#2311,,Memory leak using temporary connection pool with long-lived thread pool,,2025.4.12,,2025.4.28,,N/A,,N/A,
logfellow/logstash-logback-encoder,,"Provides logback encoders, layouts, and appenders to log in JSON and other formats supported by Jackson.

Supports both regular LoggingEvents (logged through a Logger) and AccessEvents (logged via logback-access).

Originally written to support output in logstash's JSON format, but has evolved into a highly-configurable, general-purpose, structured logging mechanism for JSON and other Jackson dataformats. The structure of the output, and the data it contains, is fully configurable.",,https://github.com/logfellow/logstash-logback-encoder,,416,,2.5K,,#722,,Memory leak in 7.0.1 when logging from a thread coming out of a "ForkJoinPool.common()",,2021.12.21,,2022.5.19,,7.1.2,,f248f22,
trinodb/trino,,"See DEVELOPMENT for information about development and release process, code style and guidelines for implementors of Trino plugins.

See CONTRIBUTING for contribution requirements.",,https://github.com/trinodb/trino,,3.6K,,12.7K,,#21356,,Jackson LockFreePool recycler pool causes memory issues ,,2024.4.2,,2024.5.8,,2.17.1,,N/A,
Atmosphere/atmosphere,,"Atmosphere is a transport-agnostic runtime for Java. Your application code declares what it does — the framework handles how it's delivered. A single @Agent class can serve browsers over WebSocket, expose tools via MCP, accept tasks from other agents via A2A, stream state to frontends via AG-UI, and route messages to Slack, Telegram, or Discord — all without changing a line of code.",,https://github.com/Atmosphere/atmosphere,,755,,3.7K,,#2221,,CookieUtil memory leak on tomcat 8.0.28 shutdown ,,2016.11.1,,2016.12.1,,8.0.28,,937f9e3,
protocolbuffers/protobuf,,"Protocol Buffers (a.k.a., protobuf) are Google's language-neutral, platform-neutral, extensible mechanism for serializing structured data. You can learn more about it in protobuf's documentation.

This README file contains protobuf installation instructions. To install protobuf, you need to install the protocol compiler (used to compile .proto files) and the protobuf runtime for your chosen programming language.",,https://github.com/protocolbuffers/protobuf,,16.1K,,71K,,#1032,,JsonFormat is not thread-safe,,2015.12.8,,2016.1.7,,v3.0.0-beta-2,,N/A,
pinterest/secor,,"Secor is a service persisting Kafka logs to Amazon S3, Google Cloud Storage, Microsoft Azure Blob Storage and Openstack Swift.",,https://github.com/pinterest/secor,,532,,1.9k,,#166,,SimpleDateFormat threading issue throws ArrayIndexOutOfBoundsException in TimestampedMessageParser,,2016.1.12,,2016.1.12,,N/A,,2ab3f16,
google/gson,,"Gson is a Java library that can be used to convert Java Objects into their JSON representation. It can also be used to convert a JSON string to an equivalent Java object. Gson can work with arbitrary Java objects including pre-existing objects that you do not have source-code of.

There are a few open-source projects that can convert Java objects to JSON. However, most of them require that you place Java annotations in your classes; something that you can not do if you do not have access to the source-code. Most also do not fully support the use of Java Generics. Gson considers both of these as very important design goals.",,https://github.com/google/gson,,4.4K,,24.3K,,#1726,,Gson taking a lock on SimpleDateFormat,,2020.6.23,,N/A,,N/A,,N/A,
google-ai-edge/mediapipe,,"Delight your customers with innovative machine learning features. MediaPipe contains everything that you need to customize and deploy to mobile (Android, iOS), web, desktop, edge devices, and IoT, effortlessly.",,https://github.com/google-ai-edge/mediapipe,,5.9k,,34.5k,,#5624,,Android/Java PoseLandmarker unnecessary []byte garbage,,2024.9.14,,N/A,,N/A,,N/A,
monix/monix,,"Monix is a high-performance Scala / Scala.js library for composing asynchronous, event-based programs.",,https://github.com/monix/monix,,245,,1.9K,,#1023,,Possible leak with Local ,,2019.9.10,,2019.11.8,,3.1.0,,076fa3e,
alibaba/datax,,"DataX is an open-source version of Alibaba Cloud DataWorks data integration, and it is a widely used offline data synchronization tool/platform within the Alibaba Group. DataX achieves efficient data synchronization between various heterogeneous data sources, including MySQL, Oracle, OceanBase, SqlServer, Postgre, HDFS, Hive, ADS, HBase, TableStore (OTS), MaxCompute (ODPS), Hologres, DRDS, and databend.",,https://github.com/alibaba/DataX,,5.7K,,17.2K,,#2346,,[Bug] Critical OS Thread Leak (OOM) via unmanaged ThreadLocal<ExecutorService> in DBUtil.java,,2026.2.22,,N/A,,N/A,,N/A,
azure/azure-sdk-for-java,,This repository is for active development of the Azure SDK for Java. For consumers of the SDK we recommend visiting our public developer docs or our versioned developer docs.,,https://github.com/Azure/azure-sdk-for-java,,2.2K,,2.6K,,#48018,,[BUG]Potential Memory Leak: Static ThreadLocal<Collator> in StorageSharedKeyCredential is never cleaned up,,2026.2.17,,2026.2.19,,N/A,,582869e i,
dropwizard/metrics,,Capturing JVM- and application-level metrics. So you know what's going on.,,https://github.com/dropwizard/metrics,,1.8K,,7.8K,,#742,,ThreadLocal Memory Leak: com.codahale.metrics.ThreadLocalRandom,,2015.1.26,,2017.11.21,,3.0.1,,de96bcf,
h2database/h2database,,More information: https://h2database.com,,https://github.com/h2database/h2database,,1.3k,,4.6k,,#4333,,[Bug]: Severe ClassLoader Pinning & Metaspace OOM via META_LOCK_DEBUGGING ThreadLocals ,,2026.3.2,,N/A,,N/A,,N/A,
apache/ignite,,Apache Ignite is a distributed database for high-performance computing with in-memory speed.,,https://github.com/apache/ignite,,1.9k,,5.1k,,#12771,,[BUG] ClassLoader Leak / Metaspace OOM: Unmanaged static ThreadLocal<Cipher> in KeystoreEncryptionSpi ,,2026.2.19,,N/A,,N/A,,N/A,
apache/parquet-java,,"Apache Parquet is an open source, column-oriented data file format designed for efficient data storage and retrieval. It provides high performance compression and encoding schemes to handle complex data in bulk and is supported in many programming languages and analytics tools.",,https://github.com/apache/parquet-java,,1.5K,,3K,,#3398,,[Bug] Potential ClassLoader Leak: ThreadLocal.withInitial lambda in Binary.java pins ClassLoader causing Metaspace OOM,,2026.2.21,,N/A,,N/A,,N/A,
spring-projects/spring-boot,,"Spring Boot helps you to create Spring-powered, production-grade applications and services with absolute minimum fuss. It takes an opinionated view of the Spring platform so that new and existing users can quickly get to the bits they need.

",,https://github.com/spring-projects/spring-boot,,41.9K,,80.3K,,#14562,,Share BinderConverter whenever possible,,2018.9.21,,2018.9.21,,2.1.X,, 2bc3d8d,
apache/activemq,,Apache ActiveMQ is a high performance Apache 2.0 licensed Message Broker. ActiveMQ supports several API and protocols:,,https://github.com/apache/activemq,,1.5K,,2.4K,,#1842,,[AMQ-9858] Support purging the first number of messages from a queue ,,2026.3.26,,N/A,,N/A,,N/A,
apache/activemq,,Apache ActiveMQ is a high performance Apache 2.0 licensed Message Broker. ActiveMQ supports several API and protocols:,,https://github.com/apache/activemq,,1.5K,,2.4K,,#1245,,[AMQ-9526] Upgrade Jolokia 2.0.3,,2024.7.10,,2024.7.10,,2.0.3,, 9ffbcd0 ,
bc-java,,"The Bouncy Castle Crypto package is a Java implementation of cryptographic algorithms, it was developed by the Legion of the Bouncy Castle, a registered Australian Charity, with a little help! The Legion, and the latest goings on with this package, can be found at https://www.bouncycastle.org.",,https://github.com/bcgit/bc-java,,1.2K,,2.6K,,#1841,,Inconsistent mapping for SLH-DSA ,,2024.9.18,,2024.9.24,,N/A,,694ba5d,
bc-java,,"The Bouncy Castle Crypto package is a Java implementation of cryptographic algorithms, it was developed by the Legion of the Bouncy Castle, a registered Australian Charity, with a little help! The Legion, and the latest goings on with this package, can be found at https://www.bouncycastle.org.",,https://github.com/bcgit/bc-java,,1.2K,,2.6K,,#342,,Register the whirlpool algorithm with its OID,,2018.5.14,,2028.5.15,,N/A,,160b06,
javassist/javassist,,Java bytecode engineering toolkit,,https://github.com/jboss-javassist/javassist,,720,,4.2K,,#412,,CannotCompileException: [source error] syntax error near l$lambda-0,,2022.5.7,,N/A,,N/A,,N/A,
javassist/javassist,,Java bytecode engineering toolkit,,https://github.com/jboss-javassist/javassist,,720,,4.2K,,#12,,$class is not available when inside static method ,,2014.7.4,,2015.1.2,,N/A,,N/A,
mybatis/mybatis-spring,,MyBatis-Spring adapter is an easy-to-use Spring Framework bridge for MyBatis sql mapping framework.,,https://github.com/mybatis/spring,,2.6K,,2.9K,,#1842,,Bump mockito-core from 3.2.0 to 3.2.4,,2019.12.17,,2019.12.18,,3.2.4,,de8316e ,
mybatis/mybatis-spring,,MyBatis-Spring adapter is an easy-to-use Spring Framework bridge for MyBatis sql mapping framework.,,https://github.com/mybatis/spring,,2.6K,,2.9K,,#321,,Support jdk11，when can upload mybatis 3.5.0? ,,2018.10.9,,2018.10.26,,N/A,,N/A,
google/ksp,,"Welcome to KSP!

Kotlin Symbol Processing (KSP) is an API that you can use to develop lightweight compiler plugins. KSP provides a simplified compiler plugin API that leverages the power of Kotlin while keeping the learning curve at a minimum. Compared to KAPT, annotation processors that use KSP can run up to 2x faster.",,https://github.com/google/ksp,,385,,3.4K,,#2073,,KSP memory leak in Android build ,,2024.8.30,,2024.10.11,,N/A,,d2cd414,
immutables/immutables,,Full documentation at immutables.org,,https://github.com/immutables/immutables,,293,,3.6K,,#1355,,Significant memory leak in version 2.9.0,,2022.1.23,,2022.8.22,,2.9.1,,N/A,
52North/sos ,,"The 52°North Sensor Observation Service (SOS) provides an interoperable web-based interface for inserting and querying sensor data and sensor descriptions. It aggregates observations from live in-situ sensors as well as historical data sets (time series data).

",,https://github.com/52North/SOS,,104,,130,,#561,,Cannot run on Tomcat: ClassLoaderLeakPreventor is a dork.,,2017.7.26,,2017.9.1,,N/A,,N/A,
eclipse-ee4j/jaxb-ri,,Jakarta XML Binding gives Java developers an efficient and standard way of mapping between XML and Java code. Java developers using Jakarta XML Binding are more productive because they can write less code themselves and do not have to be experts in XML. Jakarta XML Binding makes it easier for developers to extend their applications with XML and Web Services technologies.,,https://github.com/eclipse-ee4j/jaxb-ri,,125,,221,,#831,,Memory leak in com.sun.xml.bind.v2.ClassFactory ,,2011.5.2,,2018.9.22,,2.2.4u2,,N/A,
 hazelcast/hazelcast,,"The world’s leading companies trust Hazelcast to modernize applications and take instant action on data in motion to create new revenue streams, mitigate risk, and operate more efficiently. Businesses use Hazelcast’s unified real-time data platform to process streaming data, enrich it with historical context and take instant action with standard or ML/AI-driven automation - before it is stored in a database or data lake.

Hazelcast is named in the Gartner Market Guide to Event Stream Processing and a leader in the GigaOm Radar Report for Streaming Data Platforms. To join our community of CXOs, architects and developers at brands such as Lowe’s, HSBC, JPMorgan Chase, Volvo, New York Life, and others, visit hazelcast.com.

",,https://github.com/hazelcast/hazelcast,,1.9k,,6.6k,,#8387,,creating random uuid key that may cause a memory leak,,2016.6.16,,2017.3.10,,3.8,,a4ec7b0,
 hazelcast/hazelcast,,"The world’s leading companies trust Hazelcast to modernize applications and take instant action on data in motion to create new revenue streams, mitigate risk, and operate more efficiently. Businesses use Hazelcast’s unified real-time data platform to process streaming data, enrich it with historical context and take instant action with standard or ML/AI-driven automation - before it is stored in a database or data lake.

Hazelcast is named in the Gartner Market Guide to Event Stream Processing and a leader in the GigaOm Radar Report for Streaming Data Platforms. To join our community of CXOs, architects and developers at brands such as Lowe’s, HSBC, JPMorgan Chase, Volvo, New York Life, and others, visit hazelcast.com.

",,https://github.com/hazelcast/hazelcast,,1.9k,,6.6k,,#7831,,Memory leaks messages when app undeployed in Tomcat,,2016.3.24,,2017.3.10,,3.8,,1b19f48 ,
micrometer-metrics/micrometer,,An application metrics facade for the most popular monitoring tools. Instrument your code with dimensional metrics with a vendor neutral interface and decide on the monitoring backend at the last minute.,,https://github.com/micrometer-metrics/micrometer,,1.1k,,4.8k,,#7184,,ClassLoader leak (Metaspace OOM) caused by static ThreadLocals in DoubleFormat ,,2026.2.11,,N/A,,N/A,,N/A,
micrometer-metrics/micrometer,,An application metrics facade for the most popular monitoring tools. Instrument your code with dimensional metrics with a vendor neutral interface and decide on the monitoring backend at the last minute.,,https://github.com/micrometer-metrics/micrometer,,1.1k,,4.8k,,#657,,io.micrometer.shaded.io.netty.util.internal.InternalThreadLocalMap - Tomcat complains probable memory leak,,2018.6.15,,N/A,,N/A,,N/A,
apache/karaf,,"Apache Karaf is a modulith runtime, supporting several frameworks and programming model (REST/API, web, spring boot, ...). It provides turnkey features that you can directly leverage without effort, packaged as mutable or immutable application.

",,https://github.com/apache/karaf,,661,,704,,#2141,,Feature: Allow to update non-snapshot bundles via bundle:watch,,2025.11.5,,N/A,,N/A,,N/A,
grails/grails-core,,"Apache Grails is a framework used to build web applications with the Apache Groovy programming language. Releases prior to 7.0.0 were outside of the Apache Software Foundation. The core framework is very extensible and there are numerous plugins available that provide easy integration of add-on features. To assist in getting started, various Application generators exist and are provided by the Apache Grails team.",,https://github.com/apache/grails-core,,971,,2.9K,,#2142,,GRAILS-5798: Improve StreamCharBuffer.toString() performance ,,2010.1.27,,2015.5.27,,1.2.1,,N/A,
grails/grails-core,,"Apache Grails is a framework used to build web applications with the Apache Groovy programming language. Releases prior to 7.0.0 were outside of the Apache Software Foundation. The core framework is very extensible and there are numerous plugins available that provide easy integration of add-on features. To assist in getting started, various Application generators exist and are provided by the Apache Grails team.",,https://github.com/apache/grails-core,,971,,2.9K,,#11024,,Spring CommonsRequestLoggingFilter not log body,,2018.6.8,,N/A,,N/A,,N/A,
jruby/jruby,,JRuby is an implementation of the Ruby language using the JVM.,,https://github.com/jruby/jruby,,938,,3.9K,,#1842,,Dir#glob and escaped commas,,2014.7.21,,2017.1.20,,9.1.8.0,,e927035,
jruby/jruby,,JRuby is an implementation of the Ruby language using the JVM.,,https://github.com/jruby/jruby,,938,,3.9K,,#102,,fix test for windows line terminating chars \r\n,,2011.12.9,,2011.12.10,,N/A,,ac67ee8,
eclipse-ee4j/jersey,,Jersey is a REST framework that provides JAX-RS Reference Implementation and more. Jersey provides its own APIs that extend the JAX-RS toolkit with additional features and utilities to further simplify RESTful service and client development. Jersey also exposes numerous extension SPIs so that developers may extend Jersey to best suit their needs.,,https://github.com/eclipse-ee4j/jersey,,376,,725,,#5772,,Memory leak through threadlocal in NonInjectionManager ,,2024.10.18,,2025.1.9,,3.1.10,,N/A,
microsoft/mssql-jdbc,,"Welcome to the Microsoft JDBC Driver for SQL Server project!

The Microsoft JDBC Driver for SQL Server is a Type 4 JDBC driver that provides database connectivity through the standard JDBC application program interfaces (APIs) available in the Java Platform, Enterprise Editions. The Driver provides access to Microsoft SQL Server and Azure SQL Database from any Java application, application server, or Java-enabled applet.

",,https://github.com/microsoft/mssql-jdbc,,465,,1.1K,,#314,,ActivityCorrelator is causing a classloader leak ,,2017.5.26,,2017.9.22,,N/A,,953e4a0,
 open-telemetry/opentelemetry-java,,"opentelemetry-java is the home of the Java implementation of the OpenTelemetry API for recording telemetry, and SDK for managing telemetry recorded by the API.",,https://github.com/open-telemetry/opentelemetry-java,,957,,2.4K,,#7083,,Memory leak as a result of no cleanup for ThreadLocal in CodedOutputStream,,2025.2.8,,N/A,,N/A,,N/A,
mockito/mockito,,"Most popular mocking framework for Java

",,https://github.com/mockito/mockito,,2.7K,,15.4K,,#177,,Add API to remove internal ThreadLocal values when done with Mockito ,,2015.2.25,,2016.7.1,,N/A,,b6c84be,
spring-projects/spring-framework,,"This is the home of the Spring Framework: the foundation for all Spring projects. Collectively the Spring Framework and the family of Spring projects are often referred to simply as ""Spring"".

Spring provides everything required beyond the Java programming language for creating enterprise applications for a wide range of scenarios and architectures. Please read the Overview section of the reference documentation for a more complete introduction.

",,https://github.com/spring-projects/spring-framework,,38.9k,,59.8k,,#12099,,ThreadLocal leaking in AbstractBeanFactory and XmlBeanDefinitionReader [SPR-7441],,2010.8.10,,2011.6.16,,3.0.6,,N/A,
spring-cloud/spring-cloud-sleuth ,,Spring Cloud Sleuth’s last minor version is 3.1. You can check the 3.1.x branch for the latest commits.,,https://github.com/spring-cloud/spring-cloud-sleuth,,778,,1.8K,,#27,,Use ThreadLocal.remove() to prevent memory leaks,,2015.8.19,,2015.8.19,,N/A,,44e4a2d,
mp911de/logstash-gelf,,"This project is now archived, after a decade of maintenance, with 36 releases and several occasional contributors. The project is feature complete, and we see little issue traffic. With me being the sole maintainer, it is about time to turn off the lights here and move on to free up time for other duties. K, thx, good bye.

",,https://github.com/mp911de/logstash-gelf,,109,,428,,#104,,Classloader leak can lead to PermGen/Metaspace OutOfMemoryError,,2017.1.23,,2018.3.19,,N/A,,499df59,
akka/akka-core,,"Akka is a powerful platform that simplifies building and operating highly responsive, resilient, and scalable services.",,https://github.com/akka/akka-core,,3.6K,,13.3K,,#24838,,Memory leak due to not removed ThreadLocal in akka.dispatch.forkjoin.ForkJoinPool$Submitter,,2018.4.3,,2019.5.21,,2.6.0,,N/A,
eclipse-ee4j/glassfish-grizzly,,"Eclipse GlassFish is a Jakarta EE compatible implementation sponsored by the Eclipse Foundation.

",,https://github.com/eclipse-ee4j/glassfish-grizzly,,170,,435,,#25932,,[BUG] ClassLoader Leak (Metaspace OOM) due to Unmanaged ThreadLocal in SerialContext ,,2026.2.19,,N/A,,N/A,,N/A,
eclipse-ee4j/glassfish-grizzly,,"Eclipse GlassFish is a Jakarta EE compatible implementation sponsored by the Eclipse Foundation.

",,https://github.com/eclipse-ee4j/glassfish-grizzly,,170,,435,,#21421,,SEVERE error message in server.log caused by deploy then undeploy of war ,,2015.8.27,,2020.4.2,,5.0.1,,N/A,
apache/beam,,"Apache Beam is a unified model for defining both batch and streaming data-parallel processing pipelines, as well as a set of language-specific SDKs for constructing pipelines and Runners for executing them on distributed processing backends, including Apache Flink, Apache Spark, Google Cloud Dataflow, and Hazelcast Jet.

",,https://github.com/apache/beam,,4.5K,,8.5K,,#25510,,[Bug]: beam (even word count example) on flink ( session mode job submission in flink) results in memory leak when submitting job multiple times,,2023.2.16,,2024.1.10,,2.54.0,,d4388b9,
apache/beam,,"Apache Beam is a unified model for defining both batch and streaming data-parallel processing pipelines, as well as a set of language-specific SDKs for constructing pipelines and Runners for executing them on distributed processing backends, including Apache Flink, Apache Spark, Google Cloud Dataflow, and Hazelcast Jet.

",,https://github.com/apache/beam,,4.5K,,8.5K,,#29890,,[Bug]: Flink Job manager metaspace classloader leak caused by not releasing PipelineOptionFactory DESERIALIZATION_CONTEXT,,2024.1.2,,2024.1.10,,2.54.0,,d4388b9,
playframework/playframework,,"The Play Framework combines productivity and performance making it easy to build scalable web applications with Java and Scala. Play is developer friendly with a ""just hit refresh"" workflow and built-in testing support. With Play, applications scale predictably due to a stateless and non-blocking architecture. By being RESTful by default, including assets compilers, JSON & WebSocket support, Play is a perfect fit for modern web & mobile applications.

",,https://github.com/playframework/playframework,,4K,,12.6K,,#4649,,[2.4] Still a thread leak in development environment ,,2015.6.11,,N/A,,N/A,,N/A,
dcm4che/dcm4che,,"This is a complete rewrite of dcm4che-2.x.

One main focus was to minimize the memory footprint of the DICOM data sets. It already provides modules to store/fetch configuration data to/from LDAP, compliant to the DICOM Application Configuration Management Profile, specified in DICOM PS 3.15, Annex H.",,https://github.com/dcm4che/dcm4che,,693,,1.4K,,#1560,,ClassLoader Leak / Metaspace OOM due to uncleaned static ThreadLocal in SpecificCharacterSet,,2026.2.18,,N/A,,N/A,,N/A,
vaadin/framework,,"Vaadin allows you to build modern web apps efficiently in plain Java, without touching low level web technologies.

This repository serves as an archive of the source code and issue tracking for Vaadin 8 and Vaadin 7. Both use GWT as the base of client-side implementations. Vaadin 8 includes Vaadin 7 compatibility classes. You can find source code and issue tracking for newer, web component based Vaadin versions in vaadin/platform.

The code in this repository reflects the state of Vaadin 8.14.3 and Vaadin 7.7.17, the last releases made available under the Apache-2 license, and will be left as-is.

",,https://github.com/vaadin/framework,,721,,1.8K,,#6652,,Push enabled leaks threads and ThreadLocals,,2015.4.23,,2016.6.27,,7.6.7,,1c9a244,
Netflix/eureka,,"Eureka is a RESTful (Representational State Transfer) service that is primarily used in the AWS cloud for the purpose of discovery, load balancing and failover of middle-tier servers. It plays a critical role in Netflix mid-tier infra.",,https://github.com/Netflix/eureka,,3.8K,,12.7K,,#1207,,Redeploying an Eureka server does not stop all threads and timers,,2019.5.24,,2019.11.14,,N/A,,689b6fa,
eclipse-ee4j/metro-jax-ws,,"This project contains Jakarta XML Web Services implementation, an implementation of Jakarta Web Services Metadata and Jakarta XML Web Services Specifications.",,https://github.com/eclipse-ee4j/metro-jax-ws,,44,,78,,#98,,Memory leak on ThreadLocalContainerResolver,,2020.1.21,,2022.5.27,,3.X,,586a7c9,
payara/Payara,,"Payara Platform Community Edition features open-source server runtimes for development projects and containerized Jakarta EE and MicroProfile applications.

Payara Server Community is a cloud-native, innovative open-source middleware platform for development projects that supports Jakarta EE (Java EE) applications in any environment: on-premise, in the cloud or hybrid. Payara Micro Community is the open-source, lightweight middleware platform of choice for containerized Jakarta EE (Java EE) microservices deployments in development. Less than 70MB, Payara Micro requires no installation, configuration or code rewrites.",,https://github.com/payara/Payara,,319,,911,,#4098,,Out of memory after number of redeployments ,,2019.7.22,,2021.1.26,,N/A,,bb96e1d,
firebase/firebase-admin-java,,"Firebase provides the tools and infrastructure you need to develop apps, grow your user base, and earn money. The Firebase Admin Java SDK enables access to Firebase services from privileged environments (such as servers or cloud) in Java. Currently this SDK provides Firebase custom authentication support, and Firebase realtime database access.",,https://github.com/firebase/firebase-admin-java,,306,,604,,#272,,io.grpc.Context and Firestore,,2019.5.22,,2019.5.25,,N/A,,N/A,
vivo-project/VIVO,,"VIVO is an open source semantic web tool for research discovery -- finding people and the research they do.

VIVO supports editing, searching, browsing and visualizing research activity in order to discover people, programs, facilities, funding, scholarly works and events. VIVO's search returns results faceted by type for rapid retrieval of desired information across disciplines.",,https://github.com/vivo-project/VIVO,,140,,231,,#2671,,VIVO-987: Fix "memory leak" messages at shutdown ,,2015.3.9,,2018.2.24,,N/A,,N/A,
apache/logging-log4j2,,"Apache Log4j is a versatile, industrial-grade Java logging framework composed of an API, its implementation, and components to assist the deployment for various use cases. For further information (support, download, etc.) see the project website.",,https://github.com/apache/logging-log4j2,,1.7K,,3.6K,,#1234,,Bump spotless-maven-plugin from 2.27.2 to 2.31.0,,2023.2.1,,N/A,,N/A,,N/A,
qos-ch/logback,,The Logback documentation can be found on the project web-site as well as under the docs/ folder of the logback distribution.,,https://github.com/qos-ch/logback,,1.4K,,3.2K,,#354,,Repair Profile Update Listening is invalid：Because the other jar cont,,2017.1.5,,N/A,,N/A,,N/A,
quartz-scheduler/quartz,,"Quartz is a richly featured, open source job scheduling library that can be integrated within virtually any Java application - from the smallest stand-alone application to the largest e-commerce system.",,https://github.com/quartz-scheduler/quartz,,2K,,6.7K,,#421,,"CronExpression.getTimeBefore() using getTimeAfter()
",,2019.4.2,,N/A,,N/A,,N/A,
open-telemetry/opentelemetry-java,,"opentelemetry-java is the home of the Java implementation of the OpenTelemetry API for recording telemetry, and SDK for managing telemetry recorded by the API.",,https://github.com/open-telemetry/opentelemetry-java,,957,,2.4K,,#8002,,[Bug] ThreadLocal Leak in Context.makeCurrent() causes Trace ID Pollution,,2026.1.22,,N/A,,N/A,,N/A,
seasarorg/dbflute,,"DBFlute (for Java6,7)",,seasarorg/dbflute,,6,,22,,#8,,[Bug] Severe Context Pollution and Privilege Escalation Risk via Unmanaged ThreadLocal in AccessContext,,2026.2.20,,2026.2.24,,1.3.2,,N/A,
spring-projects/spring-security,,Spring Security provides security services for the Spring IO Platform. Spring Security 6.0 requires Spring 6.0 as a minimum and also requires Java 17.,,https://github.com/spring-projects/spring-security,,6.3K,,9.5K,,#1826,,SEC-1587: HttpSessionSecurityContextRepository should clear session context when current context is anonmous or empty,,2010.10.7,,2011.2.17,,3.1.0,,N/A,
spring-projects/spring-security,,Spring Security provides security services for the Spring IO Platform. Spring Security 6.0 requires Spring 6.0 as a minimum and also requires Java 17.,,https://github.com/spring-projects/spring-security,,6.3K,,9.5K,,#11973,,SecurityReactorContextSubscriber#LoadingMap fails to retrieve Authentication,,2022.10.8,,N/A,,N/A,,N/A,
apache/hudi,,"Apache Hudi is an open data lakehouse platform, built on a high-performance open table format to ingest, index, store, serve, transform and manage your data across multiple cloud data environments.",,https://github.com/apache/hudi,,2.5K,,6.1K,,#17985,,[Bug] ThreadLocal Leak in HoodieCombineHiveInputFormat due to unsafe cleanup,,2026.1.22,,N/A,,N/A,,N/A,
netty/netty,,Netty is an asynchronous event-driven network application framework for rapid development of maintainable high performance protocol servers & clients.,,https://github.com/netty/netty,,16.3k,,34.9k,,#10046,,[Netty 4] Unable to decorate EventLoop or Channel to inject ThreadLocal context,,2020.2.19,,2025.11.14,,N/A,,N/A,
netflix/Hystrix,,"Hystrix is no longer in active development, and is currently in maintenance mode.",,https://github.com/Netflix/Hystrix,,4.7k,,24.5k,,#2117,,ThreadLocal pollution in HystrixTimer causing metric attribution errors due to unsafe thread reuse ,,2026.2.10,,N/A,,N/A,,N/A,
Kotlin/kotlinx.coroutines,,"Library support for Kotlin coroutines with multiplatform support. This is a companion version for the Kotlin 2.1.0 release.

",,https://github.com/Kotlin/kotlinx.coroutines,,1.9k,,13.7k,,#4121,,ThreadLocal.asContextElement may not be cleaned up when used with Dispatchers.Main.immediate,,2024.5.3,,N/A,,N/A,,N/A,
Kotlin/kotlinx.coroutines,,"Library support for Kotlin coroutines with multiplatform support. This is a companion version for the Kotlin 2.1.0 release.

",,https://github.com/Kotlin/kotlinx.coroutines,,1.9k,,13.7k,,#1028,,Provide safety mechanisms for working with thread-locals,,2019.3.6,,2019.3.27,,N/A,,0355b2c,
AsyncHttpClient/async-http-client,,"AsyncHttpClient (AHC) is a high-performance, asynchronous HTTP client for Java built on top of Netty. It supports HTTP/1.1, HTTP/2, and WebSocket protocols",,https://github.com/AsyncHttpClient/async-http-client,,1.6k,,6.4k,,#1408,,Support MDC/ThreadLocal variable propagation across async contexts,,2017.4.29,,N/A,,N/A,,N/A,
reactor/reactor-core,,Non-Blocking Reactive Streams Foundation for the JVM both implementing a Reactive Extensions inspired API and efficient event streaming support.,,https://github.com/reactor/reactor-core,,1.2k,,5.2k,,#3142,,"Disable flaky BoundedElasticScheduler test
",,2022.8.8,,2022.8.9,,N/A,,e5eeeb9,
reactor/reactor-core,,Non-Blocking Reactive Streams Foundation for the JVM both implementing a Reactive Extensions inspired API and efficient event streaming support.,,https://github.com/reactor/reactor-core,,1.2k,,5.2k,,#3840,,Huge Performance Overhead From ContextPropagation With Mircrometer Tracing ,,2024.7.4,,2024.8.27,,3.6.9,,eaa889e,
ReactiveX/RxJava,,RxJava is a Java VM implementation of Reactive Extensions: a library for composing asynchronous and event-based programs by using observable sequences.,,https://github.com/ReactiveX/RxJava,,7.6K,,48.4K,,#1842,,Actioni,,2014.11.11,,2014.11.12,,1,,fd1ad6a,
apache/dubbo,,"Apache Dubbo is a powerful and user-friendly Web and RPC framework. It supports multiple language implementations such as Java, Go, Python, PHP, Erlang, Rust, and Node.js/Web.

Dubbo provides solutions for communication, service discovery, traffic management, observability, security, tooling, and best practices for building enterprise-grade microservices.

",,https://github.com/apache/dubbo/issues/1664,,26.5K,,41.7K,,#6142,,Remove deprecated sudo setting,,2020.5.12,,2021.2.24,,N/A,,N/A,
apache/dubbo,,"Apache Dubbo is a powerful and user-friendly Web and RPC framework. It supports multiple language implementations such as Java, Go, Python, PHP, Erlang, Rust, and Node.js/Web.

Dubbo provides solutions for communication, service discovery, traffic management, observability, security, tooling, and best practices for building enterprise-grade microservices.

",,https://github.com/apache/dubbo/issues/1664,,26.5K,,41.7K,,#5423,,"Grpc protocol enhance
",,2019.12.4,,2019.12.5,,N/A,, 1cd29b6,
alibaba/Sentinel,,"As distributed systems become increasingly popular, the reliability between services is becoming more important than ever before. Sentinel takes ""flow"" as breakthrough point, and works on multiple fields including flow control, traffic shaping, concurrency limiting, circuit breaking and system adaptive overload protection, to guarantee reliability and resilience for microservices.",,https://github.com/alibaba/Sentinel,,8.1K,,23.1K,,#1542,,"add sentinel-quarkus-adapter
",,2020.6.13,,2020.6.15,,N/A,,1bf3945,
alibaba/Sentinel,,"As distributed systems become increasingly popular, the reliability between services is becoming more important than ever before. Sentinel takes ""flow"" as breakthrough point, and works on multiple fields including flow control, traffic shaping, concurrency limiting, circuit breaking and system adaptive overload protection, to guarantee reliability and resilience for microservices.",,https://github.com/alibaba/Sentinel,,8.1K,,23.1K,,#1152,,The Sentinel dashboard retrieves monitoring data and aggregates it,,2019.11.10,,2022.10.15,,N/A,,N/A,
apache/skywalking,,"SkyWalking: an APM (Application Performance Monitoring) system, especially designed for microservices, cloud native and container-based architectures.",,https://github.com/apache/skywalking,,6.6K,,24.8K,,#3142,,Java agent cannot trace gRPC stream service ,,2019.7.22,,2019.8.3,,N/A,, 532f430,
apache/skywalking,,"SkyWalking: an APM (Application Performance Monitoring) system, especially designed for microservices, cloud native and container-based architectures.",,https://github.com/apache/skywalking,,6.6K,,24.8K,,#4122,,Is the microservice registry and discovery center supported by Consu,,2019.12.25,,2019.12.25,,7.0.0,,N/A,
sofastack/sofa-rpc,,"SOFARPC is a high-performance, high-extensibility, production-level Java RPC framework. In Ant Financial, SOFARPC has been used for more than ten years and developing for five generations. SOFARPC is dedicated to simplify RPC calls between applications, and provide convenient, no code intrusion, stable, and efficient point-to-point remote service invocation solutions for applications. For user and developer easy to improve features, SOFARPC provides a wealth of model abstraction and extensible interfaces, including filter, routing, load balancing, and so on. At the same time, it provides a rich MicroService governance solution around the SOFARPC framework and its surrounding components.",,https://github.com/sofastack/sofa-rpc,,1.2k,,3.9k,,#421,,"Add auth support for zookeeper registry
",,2018.12.12,,2018.12.29,,N/A,,d063253,
apache/shardingsphere,,"Building the standards and ecosystem on top of heterogeneous databases, empowering enterprise data architecture transformation",,https://github.com/apache/shardingsphere,,6.9k,,20.7k,,#2142,,OpenTracingSQLExecutionHook.toStringList NullPointerException ,,2019.4.1,,2019.6.12,,4.0.0,,deb0d55,
apache/shardingsphere,,"Building the standards and ecosystem on top of heterogeneous databases, empowering enterprise data architecture transformation",,https://github.com/apache/shardingsphere,,6.9k,,20.7k,,#2143,,"Support SpringBoot for encryptDataSource
",,2019.4.1,,2019.4.2,,4.0.0,, 2fe4983 ,
apache/servicecomb-java-chassis,,"Apache ServiceComb Java Chassis is a Software Development Kit (SDK) for rapid development of microservices in Java, providing service registration, service discovery, dynamic routing, and service management features.

",,https://github.com/apache/servicecomb-java-chassis,,821,,1.9k,,#1841,,[SCB-2006]dependency update: remove log4j2 from solution-basic and up…,,2020.6.18,,2020.6.18,,N/A,, fefe3ec ,
apache/servicecomb-java-chassis,,"Apache ServiceComb Java Chassis is a Software Development Kit (SDK) for rapid development of microservices in Java, providing service registration, service discovery, dynamic routing, and service management features.

",,https://github.com/apache/servicecomb-java-chassis,,821,,1.9k,,#1522,,"The interface return value is defined as a ResponseEntity, but why is the Body of the return value empty?",,2020.1.11,,2020.10.12,,N/A,,N/A,
apache/shiro,,"Apache Shiro is a powerful and easy-to-use Java security framework that performs authentication, authorization, cryptography, and session management. With Shiro’s easy-to-understand API, you can quickly and easily secure any application – from the smallest mobile applications to the largest web and enterprise applications.",,https://github.com/apache/shiro,,2.3K,,4.4K,,#2141,,chore(deps): bump org.owasp:dependency-check-maven from 12.1.2 to 12.1.3,,2025.6.11,,2025.6.11,,1.13.X,, efca355 ,
apache/shiro,,"Apache Shiro is a powerful and easy-to-use Java security framework that performs authentication, authorization, cryptography, and session management. With Shiro’s easy-to-understand API, you can quickly and easily secure any application – from the smallest mobile applications to the largest web and enterprise applications.",,https://github.com/apache/shiro,,2.3K,,4.4K,,#324,,"[BUILD] github actions from main (copied).
",,2021.9.26,,2021.9.26,,1.9.X,,8.99E+07,
line/armeria,,"Armeria is your go-to microservice framework for any situation. You can build any type of microservice leveraging your favorite technologies, including gRPC, Thrift, Kotlin, Retrofit, Reactive Streams, Spring Boot and Dropwizard.

",,https://github.com/line/armeria,,988,,5.1K,,#2412,,"Auto-generate gRPC examples with default fields
",,2020.1.21,,2020.1.22,,N/A,, e16cdfa,
spring-cloud/spring-cloud-gateway,,spring-cloud/spring-cloud-gateway,,https://github.com/spring-cloud/spring-cloud-gateway,,3.4k,,4.9K,,#3690,,Automatic Context Propagation fails to work with MDC logging in reactive API Gateway,,2025.2.6,,N/A,,N/A,,N/A,
open-telemetry/opentelemetry-java-instrumentation,,This project provides a Java agent JAR that can be attached to any Java 8+ application and dynamically injects bytecode to capture telemetry from a number of popular libraries and frameworks. You can export the telemetry data in a variety of formats. You can also configure the agent and exporter via command line arguments or environment variables. The net result is the ability to gather telemetry data from a Java application without code changes.,,https://github.com/open-telemetry/opentelemetry-java-instrumentation,,1.1K,,2.5K,,#7840,,How opentelemetry support async framwork?,,2023.2.16,,N/A,,N/A,,N/A,
elastic/elasticsearch,,"Elasticsearch is a distributed search and analytics engine, scalable data store and vector database optimized for speed and relevance on production-scale workloads. Elasticsearch is the foundation of Elastic’s open Stack platform. Search in near real-time over massive datasets, perform vector searches, integrate with generative AI applications, and much more.

",,https://github.com/elastic/elasticsearch,,25.8K,,76.4K,,#56766,,VersionsAndSeqNoResolver may experience delayed ThreadLocal cleanup with high pressure writing to ES,,2020.5.14,,2023.2.27,,N/A,,7f80f2d,
elastic/elasticsearch,,"Elasticsearch is a distributed search and analytics engine, scalable data store and vector database optimized for speed and relevance on production-scale workloads. Elasticsearch is the foundation of Elastic’s open Stack platform. Search in near real-time over massive datasets, perform vector searches, integrate with generative AI applications, and much more.

",,https://github.com/elastic/elasticsearch,,25.8K,,76.4K,,#142095,,CPU livelock in ThreadLocal$ThreadLocalMap.expungeStaleEntry triggered by EngineResetLock read lock unlock during Update operations ,,2026.2.9,,N/A,,N/A,,N/A,
micrometer-metrics/tracing,,A application tracing facade.,,https://github.com/micrometer-metrics/tracing,,56,,293,,#174,,Traceid and spanid wrong when using Kotlin Reactor Coroutines,,2023.2.21,,N/A,,N/A,,N/A,
karatelabs/karate,,"The open-source tool that combines API testing, mocks, performance testing, and UI automation into a single, unified framework.",,https://github.com/karatelabs/karate,,2K,,8.8K,,#2745,,[BUG] Severe Memory & Data Leak: Unmanaged static ThreadLocal in ScenarioEngine ,,2026.2.18,,2026.3.31,,2.0.0,,N/A,
vaadin/framework,,"Vaadin allows you to build modern web apps efficiently in plain Java, without touching low level web technologies.

This repository serves as an archive of the source code and issue tracking for Vaadin 8 and Vaadin 7. Both use GWT as the base of client-side implementations. Vaadin 8 includes Vaadin 7 compatibility classes. You can find source code and issue tracking for newer, web component based Vaadin versions in vaadin/platform.

",,https://github.com/vaadin/framework,,721,,1.8K,,#7719,,Vaadin Push stops working,,2016.6.20,,2012.11.6,,8.9.3,,f12a6e7,
collinsmith/riiablo,,"This is my attempt at rebuilding Diablo II from scratch. There is still a long way to go, but a lot of the core is there. The game itself uses 100% original Diablo II assets which are not (and will never be) provided, i.e., you should already own a copy of the game to play this. I am going to do my best to remain faithful to the original game, however I am planning on changing and adding additional features as I think they become necessary (e.g., auto gold pickup). I will write articles in the future explaining how I was able to accomplish certain things, and how some core systems work.

Unlike the original game, this version supports just about any reasonable aspect ratio (4:3, 16:9, 18:9, 21:9), however by design I'm locking the game to 480px in height because the original game assets are all geared for that (i.e., the width is dynamic). The expansion did introduce 800x600 support, and I may end up supporting for the desktop version in the future (specifically for some multiplayer lobby stuff), but it's not necessary for the core functionality. The mobile version currently uses 360px height to make selecting UI elements easier, however since much of the UI panels are 480px, in-game is locked at 480px, but I will change this in the future or at least provide scaling on a per-component basis (text). This does run on Android, and I have been using a Galaxy Note 5 as the min spec when testing, but older phones may work as well, especially after optimizations have been made. I can already play Diablo II on PC, my goal is to be able to sit back and play it casually with my friends while also supporting cross-platform play. This game supports local play that can then be taken online (similar to Open Battle.net), with a more secure option being far beyond that.",,https://github.com/collinsmith/riiablo,,118,,1.1K,,#105,,Log4j2 causing compilation fail on android,,2020.8.24,,2020.8.28,,N/A,,685349f,
grpc-ecosystem/grpc-spring,,"Dear gRPC/Spring users, in order to enhance the user experience of grpc-ecosystem/grpc-spring, we have developed this survey as a means of establishing a direct line of communication. Your feedback is highly appreciated",,https://github.com/grpc-ecosystem/grpc-spring,,884,,3.7K,,#1159,,How to manage request-scoped data and MDC effectively in gRPC unary calls?,,2025.1.10,,N/A,,N/A,,N/A,
openzipkin/brave,,"Brave is a distributed tracing instrumentation library. Brave typically intercepts production requests to gather timing data, correlate and propagate trace contexts. While typically trace data is sent to Zipkin server, third-party plugins are available to send to alternate services such as Amazon X-Ray.

",,https://github.com/openzipkin/brave,,716,,2.4K,,#1022,,Allow setting remoteServiceName with TracingKafkaClientSupplier,,2019.10.31,,2019.10.31,,N/A,, cddd22c,
Netflix/zuul,,"Zuul is an L7 application gateway that provides capabilities for dynamic routing, monitoring, resiliency, security, and more. Please view the wiki for usage, information, HOWTO, etc https://github.com/Netflix/zuul/wiki",,https://github.com/Netflix/zuul,,2.4K,,14K,,#1324,,"build(deps): bump log4j-slf4j-impl from 2.18.0 to 2.19.0
",,2022.10.13,,2022.10.17,,N/A,,0d924d6,
spring-projects/spring-kafka,,spring-projects/spring-kafka,,https://github.com/spring-projects/spring-kafka,,1.7k,,2.5k,,#1422,,SIK Docs - flushExpression,,2020.3.24,,2020.3.24,,N/A,, 5123b70,
spring-cloud/spring-cloud-openfeign,,Declarative REST Client: Feign creates a dynamic implementation of an interface decorated with JAX-RS or Spring MVC annotations,,https://github.com/spring-cloud/spring-cloud-openfeign,,827,,1.3k,,#412,,Add support for passing hints to LoadBalancer.,,2020.10.2,,2020.10.2,,N/A,,3c3b9a5 ,
Netflix/concurrency-limits,,Java Library that implements and integrates concepts from TCP congestion control to auto-detect concurrency limits for services in order to achieve optimal throughput with optimal latency.,,https://github.com/Netflix/concurrency-limits,,324,,3.5k,,#124,,Feature/do not absorb exception in servlet filter,,2019.5.2,,2019.5.5,,N/A,, b1f8914 ,
elastic/apm-agent-java,,Please fill out this survey to help us prioritizing framework support: https://docs.google.com/forms/d/e/1FAIpQLScd0RYiwZGrEuxykYkv9z8Hl3exx_LKCtjsqEo1OWx8BkLrOQ/viewform?usp=sf_link,,https://github.com/elastic/apm-agent-java,,326,,588,,#1024,,"Updating Trace Context headers implementation
",,2020.2.6,,2020.2.14,,1.1.4.0,, 9528d35,
elastic/apm-agent-java,,Please fill out this survey to help us prioritizing framework support: https://docs.google.com/forms/d/e/1FAIpQLScd0RYiwZGrEuxykYkv9z8Hl3exx_LKCtjsqEo1OWx8BkLrOQ/viewform?usp=sf_link,,https://github.com/elastic/apm-agent-java,,326,,588,, #2142,,added r2dbc plugin,,2021.9.21,,2022.6.15,,N/A,,N/A,
micronaut-projects/micronaut-core,,"Micronaut Framework is a modern, JVM-based, full stack Java framework designed for building modular, easily testable JVM applications with support for Java, Kotlin and the Groovy language.",,https://github.com/micronaut-projects/micronaut-core,,1.2k,,6.4k,,#3122,,Exception after a request was closed by client,,2020.4.30,,N/A,,N/A,,N/A,
micronaut-projects/micronaut-core,,"Micronaut Framework is a modern, JVM-based, full stack Java framework designed for building modular, easily testable JVM applications with support for Java, Kotlin and the Groovy language.",,https://github.com/micronaut-projects/micronaut-core,,1.2k,,6.4k,,#2141,,Micronaut CLI SSL certificate error,,2019.9.20,,2019.9.22,,N/A,,N/A,
jooby-project/jooby,,"Jooby is a modular, high-performance web framework for Java and Kotlin. Designed for simplicity and speed, it gives you the freedom to build on your favorite server with a clean, modern API.",,https://github.com/jooby-project/jooby,,200,,1.8k,,#1422,,"Bump hibernate-core from 5.4.8.Final to 5.4.9.Final
",,2019.11.15,,2019.11.16,,2.3.1,, 2133b7a,
jooby-project/jooby,,"Jooby is a modular, high-performance web framework for Java and Kotlin. Designed for simplicity and speed, it gives you the freedom to build on your favorite server with a clean, modern API.",,https://github.com/jooby-project/jooby,,200,,1.8k,,#1542,,ebean maven plugin does not generate querybean,,2020.2.18,,2020.3.17,,2.6.2,,N/A,
dropwizard/dropwizard,,"Dropwizard is a sneaky way of making fast Java web applications.

",,https://github.com/dropwizard/dropwizard,,3.4k,,8.6k,,#2312,,JPMS builds fail due to split package (logback.core) in dropwizard-logging:1.3.0,,2018.3.21,,2019.9.17,,N/A,,81c0fd2,
dropwizard/dropwizard,,"Dropwizard is a sneaky way of making fast Java web applications.

",,https://github.com/dropwizard/dropwizard,,3.4k,,8.6k,, #1842,,"General Code Improvements
",,2016.11.28,,2016.11.28,,N/A,,97ef814,
grpc/grpc-java,,gRPC-Java supports Java 8 and later. Android minSdkVersion 23 (Marshmallow) and later are supported with Java 8 language desugaring.,,https://github.com/grpc/grpc-java,,4k,,12k,,#5122,,"context: make Deadline toString() more readable
",,2018.12.6,,2018.12.6,,N/A,,2d65449,
grpc/grpc-java,,gRPC-Java supports Java 8 and later. Android minSdkVersion 23 (Marshmallow) and later are supported with Java 8 language desugaring.,,https://github.com/grpc/grpc-java,,4k,,12k,,#2142,,withWaitForReady is missing from AbstractStub,,2018..8.9,,2016.11.29,,N/A,, 6dc4633,
samtools/htsjdk,,"HTSJDK is an implementation of a unified Java library for accessing common file formats, such as SAM and VCF, used for high-throughput sequencing data. There are also a number of useful utilities for manipulating HTS data.

",,https://github.com/samtools/htsjdk,,242,,297,,#1636,,"Make AbstractVCFCodec thread-safe, allowing for multi-threaded VariantContext genotype decoding",,2022.11.17,,N/A,,N/A,,N/A,
wso2/product-is,,"WSO2 Identity Server is a powerful, modern identity and access management solution for your on-premises or cloud environment. It enables organizations to deliver exceptional, trusted digital experiences to all types of users.",,https://github.com/wso2/product-is,,962,,848,,#1616,,Authentication Error when login to Identity Server using another Identity Server using OAuth2 ,,2017.12.15,,2021.4.10,,5.6.0,,a73c22e,
openapitools/openapi-generator,,"If you find OpenAPI Generator useful for work, please consider asking your company to support this Open Source project by becoming a sponsor. You can also individually sponsor the project by becoming a backer.",,https://github.com/OpenAPITools/openapi-generator,,7.5k,,26.1k,,#21729,,[BUG][Java][HttpClient] Memory leak with virtual threads,,2025.8.12,,2025.8.22,,N/A,,dbe0419,
spring-projects/spring-boot,,"Spring Boot helps you to create Spring-powered, production-grade applications and services with absolute minimum fuss. It takes an opinionated view of the Spring platform so that new and existing users can quickly get to the bits they need.

",,https://github.com/spring-projects/spring-boot,,41.9k,,80.3K,,#35604,,No traces info anymore in implementation classes of AbstractErrorWebExceptionHandler,,2023.5.23,,N/A,,N/A,,N/A,
spring-cloud/spring-cloud-sleuth ,,"Spring Cloud Sleuth provides Spring Boot auto-configuration for distributed tracing.

",,https://github.com/spring-cloud/spring-cloud-sleuth,,778,,1.8k,,#1058,,Sleuth using same traceId for all the messages received from websocket client ,,2018.8.14,,2019.1.6,,N/A,,N/A,
square/leakcanary,,A memory leak detection library for Android.,,https://github.com/square/leakcanary,,4K,,29.9K,,#429,,java.lang.Thread.localValues (named 'main') leaks Activity ,,2016.2.23,,2016.9.19,,N/A,,N/A,
Kotlin/kotlinx.coroutines,,"Library support for Kotlin coroutines with multiplatform support. This is a companion version for the Kotlin 2.1.0 release.

",,https://github.com/Kotlin/kotlinx.coroutines,,1.9K,,13.7K,,#2116,,Android crashes when opening profile,,2020.7.1,,2020.7.2,,N/A,,N/A,
Kotlin/kotlinx.coroutines,,"Library support for Kotlin coroutines with multiplatform support. This is a companion version for the Kotlin 2.1.0 release.

",,https://github.com/Kotlin/kotlinx.coroutines,,1.9K,,13.7K,,#4296,,UndispatchedCoroutine leaks CoroutineContext via thread local when using custom ContinuationInterceptor,,2024.12.12,,2024.12.20,,1.8.x,, f8c0304,
google/guice,,"Put simply, Guice alleviates the need for factories and the use of new in your Java code. Think of Guice's @Inject as the new new. You will still need to write factories in some cases, but your code will not depend directly on them. Your code will be easier to change, unit test and reuse in other contexts.

Guice embraces Java's type safe nature. You might think of Guice as filling in missing features for core Java. Ideally, the language itself would provide most of the same features, but until such a language comes along, we have Guice.

Guice helps you design better APIs, and the Guice API itself sets a good example. Guice is not a kitchen sink. We justify each feature with at least three use cases. When in doubt, we leave it out. We build general functionality which enables you to extend Guice rather than adding every feature to the core framework.

Guice aims to make development and debugging easier and faster, not harder and slower. In that vein, Guice steers clear of surprises and magic. You should be able to understand code with or without tools, though tools can make things even easier. When errors do occur, Guice goes the extra mile to generate helpful messages.

For an introduction to Guice and a comparison to new and the factory pattern, see Bob Lee's video presentation. After that, check out our user's guide.

We've been running Guice in mission critical applications since 2006, and now you can, too. We hope you enjoy it as much as we do.",,https://github.com/google/guice,,1.7k,,12.7k,,#1929,,[Bug] Memory Leak Risk in SingletonScope via Anonymous Provider (Implicit Outer Reference),,2026.2.21,,N/A,,N/A,,N/A,
google/guice,,"Put simply, Guice alleviates the need for factories and the use of new in your Java code. Think of Guice's @Inject as the new new. You will still need to write factories in some cases, but your code will not depend directly on them. Your code will be easier to change, unit test and reuse in other contexts.

Guice embraces Java's type safe nature. You might think of Guice as filling in missing features for core Java. Ideally, the language itself would provide most of the same features, but until such a language comes along, we have Guice.

Guice helps you design better APIs, and the Guice API itself sets a good example. Guice is not a kitchen sink. We justify each feature with at least three use cases. When in doubt, we leave it out. We build general functionality which enables you to extend Guice rather than adding every feature to the core framework.

Guice aims to make development and debugging easier and faster, not harder and slower. In that vein, Guice steers clear of surprises and magic. You should be able to understand code with or without tools, though tools can make things even easier. When errors do occur, Guice goes the extra mile to generate helpful messages.

For an introduction to Guice and a comparison to new and the factory pattern, see Bob Lee's video presentation. After that, check out our user's guide.

We've been running Guice in mission critical applications since 2006, and now you can, too. We hope you enjoy it as much as we do.",,https://github.com/google/guice,,1.7k,,12.7k,,#1510,,Cycle detection in a multi-thread environment leads to OutOfMemoryError,,2021.4.8,,2023.4.19,,7.0.0,,8cf8c62,
simpleinjector/SimpleInjector,,"The goal of Simple Injector is to provide .NET application developers with an easy, flexible, and fast Dependency Injection library that promotes best practice to steer developers towards the pit of success.

",,https://github.com/simpleinjector/SimpleInjector,,153,,1.3k,,#956,,Fix memory leak caused by use of ThreadLocal<bool> inside CyclicDependencyValidator,,2022.9.28,,2022.9.29,,5.4.1,,8b0f605,
simpleinjector/SimpleInjector,,"The goal of Simple Injector is to provide .NET application developers with an easy, flexible, and fast Dependency Injection library that promotes best practice to steer developers towards the pit of success.

",,https://github.com/simpleinjector/SimpleInjector,,153,,1.3k,,#323,,Concurrency bug when resolving a decorated instance (CyclicDependencyException is thrown),,2016.10.27,,2016.11.2,,3.2.5,, 689c1d6,
OpenLiberty/open-liberty,,"A lightweight open framework for building fast and efficient cloud-native Java microservices:Open Liberty is fast to start up with low memory footprint and live reload for quick iteration.
Simple to add and remove features from the latest versions of MicroProfile and Java EE.
Zero migration lets you focus on what's important, not the APIs changing under you.",,https://github.com/OpenLiberty/open-liberty,,631,,1.2k,,#15042,,"multi-thread in server.xml, but only two instances are running, got CWWKZ0002E error on others ",,2020.11.19,,2021.1.8,,N/A,,N/A,
LWJGL/lwjgl3,,"LWJGL (https://www.lwjgl.org) is a Java library that enables cross-platform access to popular native APIs useful in the development of graphics (OpenGL/Vulkan), audio (OpenAL) and parallel computing (OpenCL) applications. This access is direct and high-performance, yet also wrapped in a type-safe and user-friendly layer, appropriate for the Java ecosystem.",,https://github.com/LWJGL/lwjgl3,,693,,5.3k,,#428,,Bullet C API first thoughts,,2018.11.19,,2021.10.21,,3.2.3,, aa99234,
killme2008/aviatorscript,,"It's not a game, it's a programming language. Please refrain from sending me any more unsolicited emails.RTFM",,https://github.com/killme2008/aviatorscript,,898,,5.2k,,#392,,Memory leak after running for a long time,,2021.6.15,,2021.6.23,,5.2.6,,e651fc1,
material-components/material-components-android,,"Material Components for Android (MDC-Android) help developers execute Material Design. Developed by a core team of engineers and UX designers at Google, these components enable a reliable development workflow to build beautiful and functional Android apps.

Material Components for Android is a drop-in replacement for Android's Design Support Library.",,https://github.com/material-components/material-components-android,,3.2k,,17.2k,,#1440,,[ProgressIndicator] setProgressCompat with animation results in memory leak,,2020.6.25,,2020.7.11,,N/A,, fabd36f,
square/retrofit,,"A type-safe HTTP client for Android and Java.

For more information please see the website.",,https://github.com/square/retrofit,,7.4K,,43.9K,,#945,,RxSupport seems to leak a subscriber,,2015.7.7,,2015.7.17,,N/A,,ff78b5a,
facebook/stetho,,"Stetho is a sophisticated debug bridge for Android applications. When enabled, developers have access to the Chrome Developer Tools feature natively part of the Chrome desktop browser. Developers can also choose to enable the optional dumpapp tool which offers a powerful command-line interface to application internals.

",,https://github.com/facebook/stetho,,1.1K,,12.7K,,#319,,Memory leak in Stetho 1.2.0 ,,2015.12.16,,2017.3.12,,N/A,,a2eb108,
mockito/mockito,,"Most popular mocking framework for Java

",,https://github.com/mockito/mockito,,2.7K,,15.4K,,#2011,,Stackoverflow error when upgrading to v3.5.2 ,,2020.8.20,,2020.8.26,,3.5.6,,24d8d79,
ben-manes/caffeine,,"Caffeine is a high performance, near optimal caching library. For more details, see our user's guide and browse the API docs for the latest release.

",,https://github.com/ben-manes/caffeine,,1.7k,,17.6k,,#515,,Possible JDK16 issue in 3.0.0: ThreadLocal not initialised?,,2021.3.18,,2021.3.18,,3.0.1,,cbc71f2,
ben-manes/caffeine,,"Caffeine is a high performance, near optimal caching library. For more details, see our user's guide and browse the API docs for the latest release.

",,https://github.com/ben-manes/caffeine,,1.7k,,17.6k,,#612,,Bump tech.picnic.error-prone-support:error-prone-contrib from 0.9.0 to 0.10.0,,2023.5.5,,2023.5.5,,N/A,, 0f1f70d,
typetools/checker-framework,,The Checker Framework: pluggable type-checking for Java,,https://github.com/typetools/checker-framework,,436,,1.1k,,#1,,Stub file bugs,,2015.7.3,,2015.7.3,,N/A,,3ab729a,
testcontainers/testcontainers-java,,"Testcontainers is a Java library that supports JUnit tests, providing lightweight, throwaway instances of common databases, Selenium web browsers, or anything else that can run in a Docker container.",,https://github.com/testcontainers/testcontainers-java,,1.8K,,8.6K,,#2276,,Container.followOutput() leaks thread,,2020.1.22,,2020.5.7,,N/A,,N/A,
quarkusio/quarkus,,"Quarkus is a Cloud Native, (Linux) Container First framework for writing Java applications.",,https://github.com/quarkusio/quarkus,,3.1K,,15.6K,,#39696,,Avoid ThreadLocals while using VirtualThreads ,,2024.3.26,,N/A,,N/A,,N/A,
samtools/htsjdk,,"HTSJDK is an implementation of a unified Java library for accessing common file formats, such as SAM and VCF, used for high-throughput sequencing data. There are also a number of useful utilities for manipulating HTS data.

",,https://github.com/samtools/htsjdk,,242,,297,,#1581,,VCFHeader and VCFHeaderLine rewrite/refactoring,,2021.11.10,,N/A,,N/A,,N/A,
samtools/htsjdk,,"HTSJDK is an implementation of a unified Java library for accessing common file formats, such as SAM and VCF, used for high-throughput sequencing data. There are also a number of useful utilities for manipulating HTS data.

",,https://github.com/samtools/htsjdk,,242,,297,,#1596,,VCF 4.3 writing.,,2022.3.1,,N/A,,N/A,,N/A,
square/picasso,,"Attention: This library is deprecated. Please use alternatives like Coil for future projects, and start planning to migrate existing projects, especially if they rely on Compose UI. Existing versions will continue to function, but no new work is planned. While some changes may land in the repo as we support internal legacy usage and migration, there will be no more public releases to Maven Central.

Thank you to all who used and/or contributed to Picasso over its decade of image loading.",,https://github.com/square/picasso,,4K,,19K,,#1841,,"Push InputStream down, make okio.Source first-class",,2018.3.25,,2018.3.25,,N/A,, b32c429,
grpc/grpc-java,,"gRPC-Java supports Java 8 and later. Android minSdkVersion 23 (Marshmallow) and later are supported with Java 8 language desugaring.

TLS usage on Android typically requires Play Services Dynamic Security Provider. Please see the Security Readme.

Older Java versions are not directly supported, but a branch remains available for fixes and releases. See gRFC P5 JDK Version Support Policy.",,https://github.com/grpc/grpc-java,,4K,,12K,,#3142,,Java performance benchmarks dirty shutdown,,2017.6.27,,2018.4.10,,N/A,,N/A,
owlcs/owlapi,,"The OWL API is a Java API for creating, manipulating and serialising OWL Ontologies.

",,https://github.com/owlcs/owlapi,,314,,893,,#343,,ELProfile incorrectly rejects DisjointClasses axioms.  ,,2015.2.12,,2015.2.13,,N/A,,26e8d48,
brettwooldridge/HikariCP,,"Fast, simple, reliable. HikariCP is a ""zero-overhead"" production ready JDBC connection pool. At roughly 165Kb, the library is very light. Read about how we do it here.",,https://github.com/brettwooldridge/HikariCP,,3K,,21.1K,,#39,,Tomcat 7.0.50 shutdown issue ,,2014.3.2,,2014.3.2,,1.3.2,,07d630d,
objectbox/objectbox-java,,"ObjectBox Java is a lightweight yet powerful on-device database & vector database designed specifically for Java and Kotlin applications. Store and manage data effortlessly in your Android or JVM Linux, macOS or Windows app with ObjectBox. Easily manage vector data alongside your objects and perform superfast on-device vector search to empower your apps with RAG AI, generative AI, and similarity search. Enjoy exceptional speed, battery-friendly resource usage, and environmentally-friendly development. ",,https://github.com/objectbox/objectbox-java,,305,,4.6K,,#1190,,TimeoutException in version 4.0.2 ,,2024.9.19,,2026.1.26,,5.1.0,,N/A,
google/volley,,"Volley is an HTTP library that makes networking for Android apps easier and, most importantly, faster.",,https://github.com/google/volley,,754,,3.4K,,#114,,Cache/NetworkDispatcher leaking finished requests,,2017.10.31,,2017.11.11,,1.1.0,,536c1b7,
open-telemetry/opentelemetry-java-instrumentation,,This project provides a Java agent JAR that can be attached to any Java 8+ application and dynamically injects bytecode to capture telemetry from a number of popular libraries and frameworks. You can export the telemetry data in a variety of formats. You can also configure the agent and exporter via command line arguments or environment variables. The net result is the ability to gather telemetry data from a Java application without code changes.,,https://github.com/open-telemetry/opentelemetry-java-instrumentation,,1.1K,,2.5K,,#10747,,Posible deadlock with Java 21 Virtual Threads ,,2024.3.5,,2024.3.19,,N/A,, e38093c,
jfrog/artifactory-docker-examples,,"This repository's examples are deprecated and are not maintained anymore.
You should now use the official JFrog Artifactory installers.

",,https://github.com/jfrog/artifactory-docker-examples,,296,,336,,#160,,Increasing number of replicas of pods for Artifactory causes crashes,,2019.4.26,,2019.5.8,,N/A,,N/A,
highcharts/highcharts,,Highcharts JS is a JavaScript charting library based on SVG and some canvas/WebGL.,,https://github.com/highcharts/highcharts,,3.9K,,12.4K,,#3786,,Export server: possible memory leak?,,2015.2.4,,2018.9.13,,2.2.4,,N/A,
elastic/elasticsearch,,"Elasticsearch is a distributed search and analytics engine, scalable data store and vector database optimized for speed and relevance on production-scale workloads. Elasticsearch is the foundation of Elastic’s open Stack platform. Search in near real-time over massive datasets, perform vector searches, integrate with generative AI applications, and much more.

",,https://github.com/elastic/elasticsearch,,25.8K,,76.4K,,#21453,,Reject DELETE requests with a body,,2016.11.10,,N/A,,N/A,,N/A,
apache/spark,,"Spark is a unified analytics engine for large-scale data processing. It provides high-level APIs in Scala, Java, Python, and R (Deprecated), and an optimized engine that supports general computation graphs for data analysis. It also supports a rich set of higher-level tools including Spark SQL for SQL and DataFrames, pandas API on Spark for pandas workloads, MLlib for machine learning, GraphX for graph processing, and Structured Streaming for stream processing.",,https://github.com/apache/spark,,29.1K,,43.1K,,#15234,,[SPARK-17660] [SQL] DESC FORMATTED for VIEW Lacks View Definition,,2016.9.25,,2016.9.28,,N/A,, 2ab24a7,
spring-projects/spring-batch,,"Spring Batch is a lightweight, comprehensive batch framework designed to enable the development of robust batch applications vital for the daily operations of enterprise systems. Spring Batch builds upon the productivity, POJO-based development approach, and general ease of use capabilities people have come to know from the Spring Framework, while making it easy for developers to access and leverage more advanced enterprise services when necessary.",,https://github.com/spring-projects/spring-batch,,2.5K,,2.9K,,#1524,,Allow customisation of FlatFileItemWriter [BATCH-2070],,2013.7.29,,2021.5.7,,2.2.1,,N/A,
square/okhttp,,"See the project website for documentation and APIs.

HTTP is the way modern applications network. It’s how we exchange data & media. Doing HTTP efficiently makes your stuff load faster and saves bandwidth.",,https://github.com/square/okhttp,,9.3K,,46.9K,,#2142,,okhttp3.internal.Version class object not found ,,2015.12.22,,2015.12.22,,N/A,,N/A,
aws/aws-sdk-java-v2,,"The AWS SDK for Java 2.0 is a rewrite of 1.0 with some great new features. As with version 1.0, it enables you to easily work with Amazon Web Services but also includes features like non-blocking IO and pluggable HTTP implementation to further customize your applications. You can get started in minutes using Maven or any build system that supports MavenCentral as an artifact source.

SDK Homepage",,https://github.com/aws/aws-sdk-java-v2,,995,,2.6K,,#1524,,Non mitigated CVEs in netty libraries ,,2019.11.25,,2019.12.27,,2.0.4,,311ca9a,
googleapis/google-cloud-java,,"See the official guide to get setup and started with development.

",,https://github.com/googleapis/google-cloud-java,,1.1K,,2K,,#2142,,Storage: support signed URL on GAE and GCE ,,2017.6.13,,2017.11.16,,N/A,,b7f72bd,
alibaba/fastjson,,"Fastjson is a Java library that can be used to convert Java Objects into their JSON representation. It can also be used to convert a JSON string to an equivalent Java object. Fastjson can work with arbitrary Java objects including pre-existing objects that you do not have source-code of.

",,https://github.com/alibaba/fastjson,,6.4K,,25.7K,,#2412,,Convert JSON empty string to date,,2019.5.9,,N/A,,N/A,,N/A,
google/guava,,"Guava is a set of core Java libraries from Google that includes new collection types (such as multimap and multiset), immutable collections, a graph library, and utilities for concurrency, I/O, hashing, primitives, strings, and more! It is widely used on most Java projects within Google, and widely used by many other companies as well.",,https://github.com/google/guava,,11.2K,,51.5K,,#3142,,"Moe Sync
",,2018.5.10,,2018.5.10,,N/A,, 07b4f00,
ReactiveX/RxJava,,RxJava is a Java VM implementation of Reactive Extensions: a library for composing asynchronous and event-based programs by using observable sequences.,,https://github.com/ReactiveX/RxJava,,7.6K,,48.4K,,#4512,,[RxJava 2.0.0-RC2] Observable.switchMap doesn't unsubscribe from inner Observable ,,2016.9.8,,2016.9.9,,2.0.0,, 0cfaf89,
reactor/reactor-core,,Non-Blocking Reactive Streams Foundation for the JVM both implementing a Reactive Extensions inspired API and efficient event streaming support.,,https://github.com/reactor/reactor-core,,1.2K,,5.2K,,#2142,,Switch Europium version in README from snapshot to milestone,,2020.4.30,,2020.6.22,,3.4.0,, 60db8f6,
akka/akka,,"Akka is a powerful platform that simplifies building and operating highly responsive, resilient, and scalable services.",,https://github.com/akka/akka-core,,3.6K,,13.3K,,#15234,,Add new google analytics tracker,,2014..5.20,,2014.5.20,,N/A,,9170243,
playframework/playframework,,"The Play Framework combines productivity and performance making it easy to build scalable web applications with Java and Scala. Play is developer friendly with a ""just hit refresh"" workflow and built-in testing support. With Play, applications scale predictably due to a stateless and non-blocking architecture. By being RESTful by default, including assets compilers, JSON & WebSocket support, Play is a perfect fit for modern web & mobile applications.

",,https://github.com/playframework/playframework,,4K,,12.6K,,#5124,,JSR 310,,2015.9.24,,2015.9.24,,N/A,,N/A,
apache/curator,,"Apache Curator is a Java/JVM client library for Apache ZooKeeper, a distributed coordination service.",,https://github.com/apache/curator,,1.3K,,3.2K,,#412,,CURATOR-634: Re-introduce TravisCI for testing on Linux ARM64,,2022.2.28,,2022.7.6,,N/A,,N/A,
hazelcast/hazelcast,,"The world’s leading companies trust Hazelcast to modernize applications and take instant action on data in motion to create new revenue streams, mitigate risk, and operate more efficiently. Businesses use Hazelcast’s unified real-time data platform to process streaming data, enrich it with historical context and take instant action with standard or ML/AI-driven automation - before it is stored in a database or data lake.

Hazelcast is named in the Gartner Market Guide to Event Stream Processing and a leader in the GigaOm Radar Report for Streaming Data Platforms. To join our community of CXOs, architects and developers at brands such as Lowe’s, HSBC, JPMorgan Chase, Volvo, New York Life, and others, visit hazelcast.com.

",,https://github.com/hazelcast/hazelcast,,1.9K,,6.6K,,#15234,,V4.0/hacks/hazelcast,,2019.7.1,,2023.8.16,,N/A,,N/A,
redisson/redisson,,"Redisson is the Java Client and Real-Time Data Platform for Valkey and Redis. Providing the most convenient and easiest way to work with Valkey or Redis. Redisson objects provide an abstraction layer between Valkey or Redis and your Java code, which allowing maintain focus on data modeling and application logic.

",,https://github.com/redisson/redisson,,5.6K,,24.3K,,#1524,,RedissonRateLimiter acquire() method blocks forever,,2018..6.29,,2018.7.3,,2.12.4,,0322f63,
mybatis/mybatis-3,,The MyBatis SQL mapper framework makes it easier to use a relational database with object-oriented applications. MyBatis couples objects with stored procedures or SQL statements using an XML descriptor or annotations. Simplicity is the biggest advantage of the MyBatis data mapper over object relational mapping tools.,,https://github.com/mybatis/mybatis-3,,12.9K,,20.4K,,#2142,,change to try with resources,,2020.12.27,,2020.12.27,,N/A,,N/A,
,,,,,,,,,,,,,,,,,,,,,
,,,,,,,,,,,,,,,,,,,,,
,,,,,,,,,,,,,,,,,,,,,
,,,,,,,,,,,,,,,,,,,,,
,,,,,,,,,,,,,,,,,,,,,
,,,,,,,,,,,,,,,,,,,,,
,,,,,,,,,,,,,,,,,,,,,
,,,,,,,,,,,,,,,,,,,,,
,,,,,,,,,,,,,,,,,,,,,
